{
  "pool": 400,
  "selected": 25,
  "sr_star": 0.020493959243884995,
  "best": "is_ridge",
  "survives": false,
  "combos": {
    "equal_top50": {
      "oos_ic": 0.08242432414211555,
      "oos_sharpe": -0.4715929247861174,
      "oos_ret": -0.1093456220348223,
      "maxdd": -0.3853916792322677,
      "psr": 0.2675449654412011,
      "sr_pp": -0.02468430185573412
    },
    "icwt_top50": {
      "oos_ic": 0.08312546349356165,
      "oos_sharpe": -0.48746849510132984,
      "oos_ret": -0.11345223622596286,
      "maxdd": -0.38669521263061357,
      "psr": 0.2607118292920708,
      "sr_pp": -0.025515267184508646
    },
    "decorrelated_eqwt": {
      "oos_ic": 0.06940605406863076,
      "oos_sharpe": -0.6766158941456717,
      "oos_ret": -0.15328197172218955,
      "maxdd": -0.37350552151215655,
      "psr": 0.1872192704125638,
      "sr_pp": -0.03541569454006123
    },
    "is_ridge": {
      "oos_ic": 0.032818715027303984,
      "oos_sharpe": -0.1865115111789146,
      "oos_ret": -0.035931658647783325,
      "maxdd": -0.20305870874167808,
      "psr": 0.4026549845972598,
      "sr_pp": -0.009762458678949598
    }
  }
}