{
  "coins": 50,
  "oos_breadth": 48.40735068912711,
  "combined_oos_ic": 0.05573465471953665,
  "sr_star": 0.4236013577336167,
  "best": "decile_20pct",
  "survives": false,
  "schemes": {
    "rank_LS": {
      "sharpe": -1.370762823290494,
      "sharpe_lag1": -1.0372944616009538,
      "ret": -0.1993206608851869,
      "maxdd": -0.38677418638889427,
      "turn": 0.6695644716681477,
      "psr": 0.03263409628405244,
      "sr_pp": -0.07174900539075464
    },
    "decile_20pct": {
      "sharpe": -1.0109079074181226,
      "sharpe_lag1": -0.8486048506792494,
      "ret": -0.1949539211763861,
      "maxdd": -0.4312962410183555,
      "turn": 0.8241960183767228,
      "psr": 0.08880134093528602,
      "sr_pp": -0.05291333822782584
    },
    "icwt": {
      "sharpe": -1.8739702926942852,
      "sharpe_lag1": -1.1136616029063693,
      "ret": -0.5112998182487926,
      "maxdd": -0.6650074874166416,
      "turn": 0.687469699369665,
      "psr": 0.0038649974785446633,
      "sr_pp": -0.09808808814195737
    },
    "rank_volscaled": {
      "sharpe": -16.251375366943673,
      "sharpe_lag1": -16.20070042425683,
      "ret": -0.14225022497450115,
      "maxdd": -0.22478092161769936,
      "turn": 0.7809880851238191,
      "psr": 8.762843182455432e-167,
      "sr_pp": -0.8506358642051632
    },
    "rank_hold3d": {
      "sharpe": -1.2829086171708854,
      "sharpe_lag1": -1.3136262250844544,
      "ret": -0.18211204859508118,
      "maxdd": -0.3520406927194002,
      "turn": 0.2516140888204244,
      "psr": 0.044714112465188395,
      "sr_pp": -0.06715050607243717
    }
  }
}