{
  "key": "funding_term_structure",
  "family": "basis-carry",
  "implemented": true,
  "verdict": "DEAD",
  "market_neutral": true,
  "file": "experiments/cand_funding_term_structure.py",
  "universe": "BTCUSDT,ETHUSDT perp-vs-quarterly (6 quarterly contracts each)",
  "ema_span": 42,
  "enter_band": 0.04,
  "cost_bps": 10.0,
  "oos_sharpe": -1.4376821265965698,
  "oos_ret_ann_pct": -1.9224191518186515,
  "oos_maxdd_pct": -2.4582777788890287,
  "oos_turnover": 0.12367778681855167,
  "oos_turn_per_bar": 0.027664768104149716,
  "psr": 0.05642916704858205,
  "dsr_star_pp": 0.0794619832703188,
  "dsr_star_ann": 2.6294593417376517,
  "oos_sr_pp": -0.04344660184635443,
  "beats_dsr": false,
  "gross_oos_sharpe": 1.0484149450286602,
  "gross_oos_ret_ann_pct": 1.106872955585742,
  "n_obs": 1229,
  "active_frac": 0.371033360455655,
  "notes": "Spread mean-reverts GROSS (OOS gross Sharpe 1.05) but the perp-vs-quarterly carry whipsaws; even EMA+hysteresis-smoothed turnover is too high for the tiny (~3-6%/yr) gross edge -> net NEGATIVE at 5 and 10bp/leg. Static hold-to-expiry convergence also nets <0 after one round trip. Dies on cost.",
  "result_5bp": {
    "is_sharpe": 0.8607649096977572,
    "oos_sharpe": -0.3573895050511798,
    "oos_ret_ann": -0.004077730981164549,
    "oos_vol_ann": 0.011409767000798189,
    "oos_maxdd": -0.011798122784788534,
    "oos_turnover": 0.12367778681855167,
    "oos_hit": 0.1855166802278275,
    "oos_psr": 0.35225390837418924,
    "oos_sr_pp": -0.010800273052557355,
    "oos_n": 1229,
    "oos_skew": -0.4021277689852498,
    "oos_kurt": 10.765101997562239,
    "active_frac": 0.371033360455655,
    "oos_turn_per_bar": 0.027664768104149716
  },
  "result_10bp": {
    "is_sharpe": -0.048203489302923785,
    "oos_sharpe": -1.4376821265965698,
    "oos_ret_ann": -0.019224191518186516,
    "oos_vol_ann": 0.013371656475757976,
    "oos_maxdd": -0.024582777788890287,
    "oos_turnover": 0.12367778681855167,
    "oos_hit": 0.1855166802278275,
    "oos_psr": 0.05642916704858205,
    "oos_sr_pp": -0.04344660184635443,
    "oos_n": 1229,
    "oos_skew": -1.9687553378066671,
    "oos_kurt": 17.2387548895645,
    "active_frac": 0.371033360455655,
    "oos_turn_per_bar": 0.027664768104149716
  }
}