{
  "span": 21,
  "thr": 0.0001,
  "per_coin": {
    "BTCUSDT": {
      "n": 1956,
      "sharpe_ann": 3.425787549631022,
      "sr_pp": 0.10352693750972888,
      "ret_ann": 0.01200188250445976,
      "vol_ann": 0.0035033936957802408,
      "maxdd": -0.0024225841414777793,
      "hit": 0.09100204498977506,
      "turnover": 0.0010224948875255625,
      "skew": -3.782715627142167,
      "kurt": 137.42647384122648
    },
    "ETHUSDT": {
      "n": 1956,
      "sharpe_ann": 3.7954807347878123,
      "sr_pp": 0.11469902647409617,
      "ret_ann": 0.01276630741875519,
      "vol_ann": 0.0033635547934006034,
      "maxdd": -0.003203969873906698,
      "hit": 0.09100204498977506,
      "turnover": 0.0010224948875255625,
      "skew": -5.389461335755567,
      "kurt": 147.53908753310822
    },
    "BNBUSDT": {
      "n": 1956,
      "sharpe_ann": 0.455374844352952,
      "sr_pp": 0.01376137964536307,
      "ret_ann": 0.003269593732831753,
      "vol_ann": 0.007180005161412817,
      "maxdd": -0.007412098615265816,
      "hit": 0.08588957055214724,
      "turnover": 0.006134969325153374,
      "skew": -3.319153797383227,
      "kurt": 60.071585209547536
    },
    "SOLUSDT": {
      "n": 1956,
      "sharpe_ann": 0.7069674265346597,
      "sr_pp": 0.021364480875689613,
      "ret_ann": 0.003779541228616806,
      "vol_ann": 0.0053461320660033425,
      "maxdd": -0.009957903934959544,
      "hit": 0.06390593047034765,
      "turnover": 0.00408997955010225,
      "skew": -6.050823903081582,
      "kurt": 96.48377280415325
    },
    "XRPUSDT": {
      "n": 1956,
      "sharpe_ann": 1.738328650992178,
      "sr_pp": 0.05253210802345922,
      "ret_ann": 0.009895879597165883,
      "vol_ann": 0.005692755274739132,
      "maxdd": -0.00729514915694629,
      "hit": 0.08026584867075665,
      "turnover": 0.002044989775051125,
      "skew": -0.5722185290196361,
      "kurt": 51.56731651272469
    },
    "ADAUSDT": {
      "n": 1956,
      "sharpe_ann": 2.9502891962631272,
      "sr_pp": 0.08915742754977848,
      "ret_ann": 0.013964419279180072,
      "vol_ann": 0.004733237438847547,
      "maxdd": -0.0020000000000000018,
      "hit": 0.07975460122699386,
      "turnover": 0.0010224948875255625,
      "skew": -0.3458719004691243,
      "kurt": 40.630091932375315
    },
    "DOGEUSDT": {
      "n": 1956,
      "sharpe_ann": 2.0490814542630686,
      "sr_pp": 0.06192302487954494,
      "ret_ann": 0.009215692512122885,
      "vol_ann": 0.004497474950519826,
      "maxdd": -0.002704577322633739,
      "hit": 0.03885480572597137,
      "turnover": 0.0010224948875255625,
      "skew": -0.8365613214190397,
      "kurt": 81.61122702422594
    },
    "LTCUSDT": {
      "n": 1956,
      "sharpe_ann": 3.128270076827872,
      "sr_pp": 0.09453599094088469,
      "ret_ann": 0.012115866858069315,
      "vol_ann": 0.003873024566457844,
      "maxdd": -0.00242941560704657,
      "hit": 0.06850715746421268,
      "turnover": 0.0010224948875255625,
      "skew": -1.8723205804735763,
      "kurt": 82.20263126011588
    },
    "LINKUSDT": {
      "n": 1956,
      "sharpe_ann": 2.1483964445185713,
      "sr_pp": 0.06492431338357613,
      "ret_ann": 0.015058590525282215,
      "vol_ann": 0.00700922335060774,
      "maxdd": -0.0034477176895899575,
      "hit": 0.08026584867075665,
      "turnover": 0.0010224948875255625,
      "skew": 1.0295698066410321,
      "kurt": 32.53492838068731
    },
    "AVAXUSDT": {
      "n": 1956,
      "sharpe_ann": 0.7213985269535403,
      "sr_pp": 0.02180058720441481,
      "ret_ann": 0.003911148696832762,
      "vol_ann": 0.005421620020974411,
      "maxdd": -0.0065467890740962265,
      "hit": 0.0541922290388548,
      "turnover": 0.003067484662576687,
      "skew": -4.5928068763062795,
      "kurt": 82.78986673998912
    }
  }
}