{
  "weights": {
    "funding_carry": 0.8516636384029461,
    "calendar_basis": 0.14246113193554524,
    "vrp_btc": 0.005875229661508659
  },
  "sleeve_corr_IS": -0.02560163018467705,
  "combined": {
    "sharpe": 0.3091775740579642,
    "ret": 0.039222666012200244,
    "maxdd": -0.140093123324057,
    "psr": 0.5881861246907377
  }
}